---
--- Compound data - Summary records.
---

drop table SUMMARY if exists;
create table SUMMARY (
  COMPOUND_IDENTIFIER varchar(5) not null,
  ASSAY               varchar(20) not null,
  ION_CHANNEL         varchar(10) not null,
  INDIVIDUAL_ID       integer,
  N                   integer not null,
  PIC50_AVG           numeric(6,3),
  PIC50_MOD           char(1),
  SLOPE_AVG           numeric(6,3)
);

-- cmpd1
insert into SUMMARY (COMPOUND_IDENTIFIER, ASSAY, ION_CHANNEL, INDIVIDUAL_ID, N, PIC50_AVG, PIC50_MOD, SLOPE_AVG)
values ('cmpd1', 'Quattro_FLIPR', 'CaV1_2', 1, 2, 4.5, '=', 0.90);
insert into SUMMARY (COMPOUND_IDENTIFIER, ASSAY, ION_CHANNEL, INDIVIDUAL_ID, N, PIC50_AVG, PIC50_MOD, SLOPE_AVG)
values ('cmpd1', 'Quattro_FLIPR', 'NaV1_5', 2, 6, 4.3, '<', 0.91);
insert into SUMMARY (COMPOUND_IDENTIFIER, ASSAY, ION_CHANNEL, N, PIC50_AVG, PIC50_MOD, SLOPE_AVG)
values ('cmpd1', 'Quattro_FLIPR', 'KCNQ1', 4, 4.3, '=', 0.92);
insert into SUMMARY (COMPOUND_IDENTIFIER, ASSAY, ION_CHANNEL, INDIVIDUAL_ID, N, PIC50_AVG, PIC50_MOD, SLOPE_AVG)
values ('cmpd1', 'Quattro_FLIPR', 'hERG', 3, 2, 4.3, '=', 0.93);
insert into SUMMARY (COMPOUND_IDENTIFIER, ASSAY, ION_CHANNEL, N, PIC50_AVG, PIC50_MOD, SLOPE_AVG)
values ('cmpd1', 'Barracuda', 'CaV1_2', 2, 4.5, '<', 0.94);
insert into SUMMARY (COMPOUND_IDENTIFIER, ASSAY, ION_CHANNEL, N, PIC50_AVG, PIC50_MOD, SLOPE_AVG)
values ('cmpd1', 'Barracuda', 'NaV1_5', 0, 4.5, '<', 0.95);
insert into SUMMARY (COMPOUND_IDENTIFIER, ASSAY, ION_CHANNEL, N, PIC50_AVG, PIC50_MOD, SLOPE_AVG)
values ('cmpd1', 'PatchXpress', 'CaV1_2', 5, 4.6, '=', 0.96);
insert into SUMMARY (COMPOUND_IDENTIFIER, ASSAY, ION_CHANNEL, N, PIC50_AVG, PIC50_MOD, SLOPE_AVG)
values ('cmpd1', 'PatchXpress', 'NaV1_5', 2, 4.3, '<', 0.91);
insert into SUMMARY (COMPOUND_IDENTIFIER, ASSAY, ION_CHANNEL, N, PIC50_AVG, PIC50_MOD, SLOPE_AVG)
values ('cmpd1', 'Qpatch', 'hERG', 6, 4.7, '=', 0.97);
-- cmpd3
insert into SUMMARY (COMPOUND_IDENTIFIER, ASSAY, ION_CHANNEL, INDIVIDUAL_ID, N, PIC50_AVG, PIC50_MOD, SLOPE_AVG)
values ('cmpd3', 'Quattro_FLIPR', 'CaV1_2', 4, 2, 4.5, '=', 0.98);
insert into SUMMARY (COMPOUND_IDENTIFIER, ASSAY, ION_CHANNEL, INDIVIDUAL_ID, N, PIC50_AVG, PIC50_MOD, SLOPE_AVG)
values ('cmpd3', 'Quattro_FLIPR', 'NaV1_5', 5, 6, 4.3, '<', 0.99);
insert into SUMMARY (COMPOUND_IDENTIFIER, ASSAY, ION_CHANNEL, N, PIC50_AVG, PIC50_MOD, SLOPE_AVG)
values ('cmpd3', 'Quattro_FLIPR', 'KCNQ1', 4, 4.3, '=', 1.0);
insert into SUMMARY (COMPOUND_IDENTIFIER, ASSAY, ION_CHANNEL, INDIVIDUAL_ID, N, PIC50_AVG, PIC50_MOD, SLOPE_AVG)
values ('cmpd3', 'Quattro_FLIPR', 'hERG', 6, 2, 4.3, '=', 1.1);
insert into SUMMARY (COMPOUND_IDENTIFIER, ASSAY, ION_CHANNEL, N, PIC50_AVG, PIC50_MOD, SLOPE_AVG)
values ('cmpd3', 'Barracuda', 'CaV1_2', 2, 4.5, '<', 1.2);
insert into SUMMARY (COMPOUND_IDENTIFIER, ASSAY, ION_CHANNEL, N, PIC50_AVG, PIC50_MOD, SLOPE_AVG)
values ('cmpd3', 'Barracuda', 'NaV1_5', 0, 4.5, '<', 1.3);
insert into SUMMARY (COMPOUND_IDENTIFIER, ASSAY, ION_CHANNEL, N, PIC50_AVG, PIC50_MOD, SLOPE_AVG)
values ('cmpd3', 'PatchXpress', 'CaV1_2', 5, 4.6, '=', 1.4);
insert into SUMMARY (COMPOUND_IDENTIFIER, ASSAY, ION_CHANNEL, N, PIC50_AVG, PIC50_MOD, SLOPE_AVG)
values ('cmpd3', 'Qpatch', 'hERG', 6, 4.7, '=', 1.5);
-- cmpd 4
insert into SUMMARY (COMPOUND_IDENTIFIER, ASSAY, ION_CHANNEL, INDIVIDUAL_ID, N, PIC50_AVG, PIC50_MOD, SLOPE_AVG)
values ('cmpd4', 'Quattro_FLIPR', 'CaV1_2', 7, 1, 6, '>', 1.0);
-- cmpd 5
insert into SUMMARY (COMPOUND_IDENTIFIER, ASSAY, ION_CHANNEL, INDIVIDUAL_ID, N, PIC50_AVG, PIC50_MOD, SLOPE_AVG)
values ('cmpd5', 'Quattro_FLIPR', 'CaV1_2', 8, 1, 1, '<', 1.0);
-- cmpd 6
insert into SUMMARY (COMPOUND_IDENTIFIER, ASSAY, ION_CHANNEL, N, PIC50_AVG, PIC50_MOD, SLOPE_AVG)
values ('cmpd6', 'Barracuda', 'NaV1_5', 1, 1, '<', 1.0);
-- cmpd7 (50% inhibition data indeterminable)
insert into SUMMARY (COMPOUND_IDENTIFIER, ASSAY, ION_CHANNEL, INDIVIDUAL_ID, N, PIC50_AVG, PIC50_MOD, SLOPE_AVG)
values ('cmpd7', 'Quattro_FLIPR', 'CaV1_2', 9, 1, 1, '<', 1.0);

---
--- Compound data - Individual records.
---

drop table INDIVIDUAL if exists;
create table INDIVIDUAL (
  INDIVIDUAL_ID   integer not null,
  /* Screening id points to dose-response data if there is some */
  SCREENING_ID    integer,
  IC20            numeric(9,3),
  IC20_UNIT       char(2),
  IC20_MOD        char(1),
  IC20_HILL       numeric(6,3),
  PIC50           numeric(6,3),
  PIC50_MOD       char(1),
  HIGHEST_CONC    numeric(6,3),
  RESPONSE        numeric(6,3),
  HILL_SLOPE      numeric(6,3),
  INACTIVE        boolean default false,
  INVALID         boolean default false,
  /* Individual-only compounds */
  COMPOUND_IDENTIFIER varchar(7),
  ASSAY               varchar(20),
  ION_CHANNEL         varchar(10)
);

-- cmpd1
insert into INDIVIDUAL (INDIVIDUAL_ID, SCREENING_ID, IC20, IC20_UNIT, IC20_MOD, IC20_HILL, PIC50, PIC50_MOD, HIGHEST_CONC, RESPONSE, HILL_SLOPE, INACTIVE, INVALID)
values (1, 100, 10, 'uM', '', 1.0, 4.4, '=', 30.0, 3.3, 0.44, 0, 1);
insert into INDIVIDUAL (INDIVIDUAL_ID, SCREENING_ID, IC20, IC20_UNIT, IC20_MOD, IC20_HILL, PIC50, PIC50_MOD, HIGHEST_CONC, RESPONSE, HILL_SLOPE, INACTIVE, INVALID)
values (1, 101, 10.5, 'uM', '', 1.0, 4.41, '<', 30.01, 3.41, 0.441, 1, 0);
insert into INDIVIDUAL (INDIVIDUAL_ID, SCREENING_ID, IC20, IC20_UNIT, IC20_MOD, IC20_HILL, PIC50, PIC50_MOD, HIGHEST_CONC, RESPONSE, HILL_SLOPE, INACTIVE, INVALID)
values (2, 102, 11, 'uM', '', 1.0, 4.42, '>', 30.02, 3.32, 0.92, 0, 0);
insert into INDIVIDUAL (INDIVIDUAL_ID, SCREENING_ID, IC20, IC20_UNIT, IC20_MOD, IC20_HILL, PIC50, PIC50_MOD, HIGHEST_CONC, RESPONSE, HILL_SLOPE, INACTIVE, INVALID)
values (2, 103, 11.5, 'uM', '', 1.0, 4.43, '', 30.03, 3.43, 0.93, 0, 0);
insert into INDIVIDUAL (INDIVIDUAL_ID, SCREENING_ID, IC20, IC20_UNIT, IC20_MOD, IC20_HILL, PIC50, PIC50_MOD, HIGHEST_CONC, RESPONSE, HILL_SLOPE, INACTIVE, INVALID)
values (2, 104, 12000, 'nM', '', 1.0, 4.44, '>', 30.04, 3.34, 0.94, 0, 0);
insert into INDIVIDUAL (INDIVIDUAL_ID, SCREENING_ID, IC20, IC20_UNIT, IC20_MOD, IC20_HILL, PIC50, PIC50_MOD, HIGHEST_CONC, RESPONSE, HILL_SLOPE, INACTIVE, INVALID)
values (2, 105, 12500, 'nM', '', 1.0, 4.45, '>', 30.05, 3.35, 0.95, 0, 0);
insert into INDIVIDUAL (INDIVIDUAL_ID, PIC50, PIC50_MOD, HIGHEST_CONC, RESPONSE, HILL_SLOPE)
values (2, 4.3, '<', 30.0, 3.4, 0.4);
insert into INDIVIDUAL (INDIVIDUAL_ID, PIC50, PIC50_MOD)
values (2, 4.3, '<');
insert into INDIVIDUAL (INDIVIDUAL_ID, PIC50, PIC50_MOD, HIGHEST_CONC, RESPONSE, HILL_SLOPE)
values (3, 4.3, '=', 30.05, 3.35, 0.2);
-- cmpd3
insert into INDIVIDUAL (INDIVIDUAL_ID, SCREENING_ID, IC20, IC20_UNIT, IC20_MOD, IC20_HILL, PIC50, PIC50_MOD, HIGHEST_CONC, RESPONSE, HILL_SLOPE, INACTIVE, INVALID)
values (4, 106, 13, 'uM', '', 1.0, 4.4, '=', 30.0, 3.3, 0.44, 0, 1);
insert into INDIVIDUAL (INDIVIDUAL_ID, SCREENING_ID, IC20, IC20_UNIT, IC20_MOD, IC20_HILL, PIC50, PIC50_MOD, HIGHEST_CONC, RESPONSE, HILL_SLOPE, INACTIVE, INVALID)
values (4, 107, 13.5, 'uM', '', 1.0, 4.41, '', 30.01, 3.41, 0.441, 1, 0);
insert into INDIVIDUAL (INDIVIDUAL_ID, SCREENING_ID, IC20, IC20_UNIT, IC20_MOD, IC20_HILL, PIC50, PIC50_MOD, HIGHEST_CONC, RESPONSE, HILL_SLOPE, INACTIVE, INVALID)
values (5, 108, 14, 'uM', '', 1.0, 4.42, '>', 30.02, 3.32, 0.92, 0, 0);
insert into INDIVIDUAL (INDIVIDUAL_ID, SCREENING_ID, IC20, IC20_UNIT, IC20_MOD, IC20_HILL, PIC50, PIC50_MOD, HIGHEST_CONC, RESPONSE, HILL_SLOPE, INACTIVE, INVALID)
values (5, 109, 14.5, 'uM', '', 1.0, 4.43, '', 30.03, 3.43, 0.93, 0, 0);
insert into INDIVIDUAL (INDIVIDUAL_ID, SCREENING_ID, IC20, IC20_UNIT, IC20_MOD, IC20_HILL, PIC50, PIC50_MOD, HIGHEST_CONC, RESPONSE, HILL_SLOPE, INACTIVE, INVALID)
values (5, 110, 15000, 'nM', '', 1.0, 4.44, '>', 30.04, 3.34, 0.94, 0, 0);
insert into INDIVIDUAL (INDIVIDUAL_ID, SCREENING_ID, IC20, IC20_UNIT, IC20_MOD, IC20_HILL, PIC50, PIC50_MOD, HIGHEST_CONC, RESPONSE, HILL_SLOPE, INACTIVE, INVALID)
values (5, 111, 15500, 'nM', '', 1.0, 4.45, '>', 30.05, 3.35, 0.95, 0, 0);
insert into INDIVIDUAL (INDIVIDUAL_ID, PIC50, PIC50_MOD, HIGHEST_CONC, RESPONSE, HILL_SLOPE)
values (5, 4.3, '<', 30.0, 3.4, 0.4);
insert into INDIVIDUAL (INDIVIDUAL_ID, PIC50, PIC50_MOD)
values (5, 4.3, '<');
insert into INDIVIDUAL (INDIVIDUAL_ID, PIC50, PIC50_MOD, HIGHEST_CONC, RESPONSE, HILL_SLOPE)
values (6, 4.3, '=', 30.05, 3.35, 0.2);
--cmpd4
insert into INDIVIDUAL (INDIVIDUAL_ID, PIC50, PIC50_MOD, HILL_SLOPE, INACTIVE, INVALID)
values (7, 5, '>', 1, 0, 0);
--cmpd5
insert into INDIVIDUAL (INDIVIDUAL_ID, PIC50, PIC50_MOD, HILL_SLOPE, INACTIVE, INVALID)
values (8, 1, '<', 1, 0, 0);
-- cmpd7 (50% inhibition data indeterminable)
insert into INDIVIDUAL (INDIVIDUAL_ID, PIC50_MOD, HILL_SLOPE, INACTIVE, INVALID)
values (9, '<', 1, 0, 0);
-- cmpd100 (individual only)
insert into INDIVIDUAL (INDIVIDUAL_ID, IC20, IC20_UNIT, IC20_MOD, IC20_HILL, PIC50, PIC50_MOD, HIGHEST_CONC, RESPONSE, HILL_SLOPE, INACTIVE, INVALID, COMPOUND_IDENTIFIER, ASSAY, ION_CHANNEL)
values (10, 10, 'uM', '', 1.0, 4.4, '=', 30.0, 3.3, 0.44, 0, 0, 'cmpd100', 'Barracuda', 'CaV1_2');
insert into INDIVIDUAL (INDIVIDUAL_ID, IC20, IC20_UNIT, IC20_MOD, IC20_HILL, PIC50, PIC50_MOD, HIGHEST_CONC, RESPONSE, HILL_SLOPE, INACTIVE, INVALID, COMPOUND_IDENTIFIER, ASSAY, ION_CHANNEL)
values (11, 11, 'uM', '', 1.0, 4.4, '=', 30.0, 3.3, 0.44, 0, 0, 'cmpd100', 'Barracuda', 'CaV1_2');
insert into INDIVIDUAL (INDIVIDUAL_ID, IC20, IC20_UNIT, IC20_MOD, IC20_HILL, PIC50, PIC50_MOD, HIGHEST_CONC, RESPONSE, HILL_SLOPE, INACTIVE, INVALID, COMPOUND_IDENTIFIER, ASSAY, ION_CHANNEL)
values (12, 12, 'uM', '', 1.0, 4.4, '=', 30.0, 3.3, 0.44, 0, 0, 'cmpd100', 'Barracuda', 'CaV1_2');

---
--- Screening data - this is dose-response point data.
---

drop table SCREENING if exists;
create table SCREENING (
  SCREENING_ID    integer not null,
  FREQUENCY       numeric(6,3),
  CONCENTRATION   numeric(6,3),
  RESPONSE        numeric(6,3),
  PCT_CHANGE_MEAN numeric(6,3),
  PCT_CHANGE_SEM  numeric(6,3)
);

-- cmpd1
insert into SCREENING (SCREENING_ID, FREQUENCY, CONCENTRATION, RESPONSE, PCT_CHANGE_MEAN, PCT_CHANGE_SEM)
values (100, 0.5, 0.1, 0.005, 3.4, 1.2);
insert into SCREENING (SCREENING_ID, FREQUENCY, CONCENTRATION, RESPONSE, PCT_CHANGE_MEAN, PCT_CHANGE_SEM)
values (100, 0.5, 0.3, 0.05, 3.4, 1.2);
insert into SCREENING (SCREENING_ID, FREQUENCY, CONCENTRATION, RESPONSE, PCT_CHANGE_MEAN, PCT_CHANGE_SEM)
values (100, 0.5, 1.0, 0.5, 3.4, 1.2);
insert into SCREENING (SCREENING_ID, FREQUENCY, CONCENTRATION, RESPONSE, PCT_CHANGE_MEAN, PCT_CHANGE_SEM)
values (100, 0.5, 3.0, 1.5, 3.4, 1.2);
insert into SCREENING (SCREENING_ID, FREQUENCY, CONCENTRATION, RESPONSE, PCT_CHANGE_MEAN, PCT_CHANGE_SEM)
values (100, 0.5, 10.0, 4.5, 3.4, 1.2);
insert into SCREENING (SCREENING_ID, FREQUENCY, CONCENTRATION, RESPONSE, PCT_CHANGE_MEAN, PCT_CHANGE_SEM)
values (100, 0.5, 30.0, 6.7, 3.4, 1.2);
insert into SCREENING (SCREENING_ID, FREQUENCY, CONCENTRATION, RESPONSE, PCT_CHANGE_MEAN, PCT_CHANGE_SEM)
values (101, 0.5, 0.11, 0.0051, 3.4, 1.2);
insert into SCREENING (SCREENING_ID, FREQUENCY, CONCENTRATION, RESPONSE, PCT_CHANGE_MEAN, PCT_CHANGE_SEM)
values (101, 0.5, 0.31, 0.051, 3.4, 1.2);
insert into SCREENING (SCREENING_ID, FREQUENCY, CONCENTRATION, RESPONSE, PCT_CHANGE_MEAN, PCT_CHANGE_SEM)
values (101, 0.5, 1.01, 0.51, 3.4, 1.2);
insert into SCREENING (SCREENING_ID, FREQUENCY, CONCENTRATION, RESPONSE, PCT_CHANGE_MEAN, PCT_CHANGE_SEM)
values (101, 0.5, 3.01, 1.51, 3.4, 1.2);
insert into SCREENING (SCREENING_ID, FREQUENCY, CONCENTRATION, RESPONSE, PCT_CHANGE_MEAN, PCT_CHANGE_SEM)
values (101, 0.5, 10.01, 4.51, 3.4, 1.2);
insert into SCREENING (SCREENING_ID, FREQUENCY, CONCENTRATION, RESPONSE, PCT_CHANGE_MEAN, PCT_CHANGE_SEM)
values (101, 0.5, 30.01, 6.71, 3.4, 1.2);
insert into SCREENING (SCREENING_ID, FREQUENCY, CONCENTRATION, RESPONSE, PCT_CHANGE_MEAN, PCT_CHANGE_SEM)
values (102, 0.5, 0.12, 0.0052, 3.4, 1.2);
insert into SCREENING (SCREENING_ID, FREQUENCY, CONCENTRATION, RESPONSE, PCT_CHANGE_MEAN, PCT_CHANGE_SEM)
values (102, 0.5, 0.32, 0.052, 3.4, 1.2);
insert into SCREENING (SCREENING_ID, FREQUENCY, CONCENTRATION, RESPONSE, PCT_CHANGE_MEAN, PCT_CHANGE_SEM)
values (102, 0.5, 1.02, 0.52, 3.4, 1.2);
insert into SCREENING (SCREENING_ID, FREQUENCY, CONCENTRATION, RESPONSE, PCT_CHANGE_MEAN, PCT_CHANGE_SEM)
values (102, 0.5, 3.02, 1.52, 3.4, 1.2);
insert into SCREENING (SCREENING_ID, FREQUENCY, CONCENTRATION, RESPONSE, PCT_CHANGE_MEAN, PCT_CHANGE_SEM)
values (102, 0.5, 10.02, 4.52, 3.4, 1.2);
insert into SCREENING (SCREENING_ID, FREQUENCY, CONCENTRATION, RESPONSE, PCT_CHANGE_MEAN, PCT_CHANGE_SEM)
values (102, 0.5, 30.02, 6.72, 3.4, 1.2);
insert into SCREENING (SCREENING_ID, FREQUENCY, CONCENTRATION, RESPONSE, PCT_CHANGE_MEAN, PCT_CHANGE_SEM)
values (103, 0.5, 0.13, 0.0053, 3.4, 1.2);
insert into SCREENING (SCREENING_ID, FREQUENCY, CONCENTRATION, RESPONSE, PCT_CHANGE_MEAN, PCT_CHANGE_SEM)
values (103, 0.5, 0.33, 0.053, 3.4, 1.2);
insert into SCREENING (SCREENING_ID, FREQUENCY, CONCENTRATION, RESPONSE, PCT_CHANGE_MEAN, PCT_CHANGE_SEM)
values (103, 0.5, 1.03, 0.53, 3.4, 1.2);
insert into SCREENING (SCREENING_ID, FREQUENCY, CONCENTRATION, RESPONSE, PCT_CHANGE_MEAN, PCT_CHANGE_SEM)
values (103, 0.5, 3.03, 1.53, 3.4, 1.2);
insert into SCREENING (SCREENING_ID, FREQUENCY, CONCENTRATION, RESPONSE, PCT_CHANGE_MEAN, PCT_CHANGE_SEM)
values (103, 0.5, 10.03, 4.53, 3.4, 1.2);
insert into SCREENING (SCREENING_ID, FREQUENCY, CONCENTRATION, RESPONSE, PCT_CHANGE_MEAN, PCT_CHANGE_SEM)
values (103, 0.5, 30.03, 6.73, 3.4, 1.2);
insert into SCREENING (SCREENING_ID, FREQUENCY, CONCENTRATION, RESPONSE, PCT_CHANGE_MEAN, PCT_CHANGE_SEM)
values (104, 0.5, 0.14, 0.0054, 3.4, 1.2);
insert into SCREENING (SCREENING_ID, FREQUENCY, CONCENTRATION, RESPONSE, PCT_CHANGE_MEAN, PCT_CHANGE_SEM)
values (104, 0.5, 0.34, 0.054, 3.4, 1.2);
insert into SCREENING (SCREENING_ID, FREQUENCY, CONCENTRATION, RESPONSE, PCT_CHANGE_MEAN, PCT_CHANGE_SEM)
values (104, 0.5, 1.04, 5.54, 3.4, 1.2);
insert into SCREENING (SCREENING_ID, FREQUENCY, CONCENTRATION, RESPONSE, PCT_CHANGE_MEAN, PCT_CHANGE_SEM)
values (104, 0.5, 3.04, 11.54, 3.4, 1.2);
insert into SCREENING (SCREENING_ID, FREQUENCY, CONCENTRATION, RESPONSE, PCT_CHANGE_MEAN, PCT_CHANGE_SEM)
values (104, 0.5, 10.04, 24.54, 3.4, 1.2);
insert into SCREENING (SCREENING_ID, FREQUENCY, CONCENTRATION, RESPONSE, PCT_CHANGE_MEAN, PCT_CHANGE_SEM)
values (104, 0.5, 30.04, 46.74, 3.4, 1.2);
insert into SCREENING (SCREENING_ID, FREQUENCY, CONCENTRATION, RESPONSE, PCT_CHANGE_MEAN, PCT_CHANGE_SEM)
values (105, 0.5, 0.15, 0.0055, 3.4, 1.2);
insert into SCREENING (SCREENING_ID, FREQUENCY, CONCENTRATION, RESPONSE, PCT_CHANGE_MEAN, PCT_CHANGE_SEM)
values (105, 0.5, 0.35, 0.055, 3.4, 1.2);
insert into SCREENING (SCREENING_ID, FREQUENCY, CONCENTRATION, RESPONSE, PCT_CHANGE_MEAN, PCT_CHANGE_SEM)
values (105, 0.5, 1.05, 0.55, 3.4, 1.2);
insert into SCREENING (SCREENING_ID, FREQUENCY, CONCENTRATION, RESPONSE, PCT_CHANGE_MEAN, PCT_CHANGE_SEM)
values (105, 0.5, 3.05, 1.55, 3.4, 1.2);
insert into SCREENING (SCREENING_ID, FREQUENCY, CONCENTRATION, RESPONSE, PCT_CHANGE_MEAN, PCT_CHANGE_SEM)
values (105, 0.5, 10.05, 4.55, 3.4, 1.2);
insert into SCREENING (SCREENING_ID, FREQUENCY, CONCENTRATION, RESPONSE, PCT_CHANGE_MEAN, PCT_CHANGE_SEM)
values (105, 0.5, 30.05, 46.75, 3.4, 1.2);
-- cmpd3
insert into SCREENING (SCREENING_ID, FREQUENCY, CONCENTRATION, RESPONSE, PCT_CHANGE_MEAN, PCT_CHANGE_SEM)
values (106, 0.5, 0.1, 0.005, 3.4, 1.2);
insert into SCREENING (SCREENING_ID, FREQUENCY, CONCENTRATION, RESPONSE, PCT_CHANGE_MEAN, PCT_CHANGE_SEM)
values (106, 0.5, 0.3, 0.05, 3.4, 1.2);
insert into SCREENING (SCREENING_ID, FREQUENCY, CONCENTRATION, RESPONSE, PCT_CHANGE_MEAN, PCT_CHANGE_SEM)
values (106, 0.5, 1.0, 0.5, 3.4, 1.2);
insert into SCREENING (SCREENING_ID, FREQUENCY, CONCENTRATION, RESPONSE, PCT_CHANGE_MEAN, PCT_CHANGE_SEM)
values (106, 0.5, 3.0, 1.5, 3.4, 1.2);
insert into SCREENING (SCREENING_ID, FREQUENCY, CONCENTRATION, RESPONSE, PCT_CHANGE_MEAN, PCT_CHANGE_SEM)
values (106, 0.5, 10.0, 4.5, 3.4, 1.2);
insert into SCREENING (SCREENING_ID, FREQUENCY, CONCENTRATION, RESPONSE, PCT_CHANGE_MEAN, PCT_CHANGE_SEM)
values (106, 0.5, 30.0, 6.7, 3.4, 1.2);
insert into SCREENING (SCREENING_ID, FREQUENCY, CONCENTRATION, RESPONSE, PCT_CHANGE_MEAN, PCT_CHANGE_SEM)
values (107, 0.5, 0.11, 0.0051, 3.4, 1.2);
insert into SCREENING (SCREENING_ID, FREQUENCY, CONCENTRATION, RESPONSE, PCT_CHANGE_MEAN, PCT_CHANGE_SEM)
values (107, 0.5, 0.31, 0.051, 3.4, 1.2);
insert into SCREENING (SCREENING_ID, FREQUENCY, CONCENTRATION, RESPONSE, PCT_CHANGE_MEAN, PCT_CHANGE_SEM)
values (107, 0.5, 1.01, 0.51, 3.4, 1.2);
insert into SCREENING (SCREENING_ID, FREQUENCY, CONCENTRATION, RESPONSE, PCT_CHANGE_MEAN, PCT_CHANGE_SEM)
values (107, 0.5, 3.01, 1.51, 3.4, 1.2);
insert into SCREENING (SCREENING_ID, FREQUENCY, CONCENTRATION, RESPONSE, PCT_CHANGE_MEAN, PCT_CHANGE_SEM)
values (107, 0.5, 10.01, 4.51, 3.4, 1.2);
insert into SCREENING (SCREENING_ID, FREQUENCY, CONCENTRATION, RESPONSE, PCT_CHANGE_MEAN, PCT_CHANGE_SEM)
values (107, 0.5, 30.01, 6.71, 3.4, 1.2);
insert into SCREENING (SCREENING_ID, FREQUENCY, CONCENTRATION, RESPONSE, PCT_CHANGE_MEAN, PCT_CHANGE_SEM)
values (108, 0.5, 0.12, 0.0052, 3.4, 1.2);
insert into SCREENING (SCREENING_ID, FREQUENCY, CONCENTRATION, RESPONSE, PCT_CHANGE_MEAN, PCT_CHANGE_SEM)
values (108, 0.5, 0.32, 0.052, 3.4, 1.2);
insert into SCREENING (SCREENING_ID, FREQUENCY, CONCENTRATION, RESPONSE, PCT_CHANGE_MEAN, PCT_CHANGE_SEM)
values (108, 0.5, 1.02, 0.52, 3.4, 1.2);
insert into SCREENING (SCREENING_ID, FREQUENCY, CONCENTRATION, RESPONSE, PCT_CHANGE_MEAN, PCT_CHANGE_SEM)
values (108, 0.5, 3.02, 1.52, 3.4, 1.2);
insert into SCREENING (SCREENING_ID, FREQUENCY, CONCENTRATION, RESPONSE, PCT_CHANGE_MEAN, PCT_CHANGE_SEM)
values (108, 0.5, 10.02, 4.52, 3.4, 1.2);
insert into SCREENING (SCREENING_ID, FREQUENCY, CONCENTRATION, RESPONSE, PCT_CHANGE_MEAN, PCT_CHANGE_SEM)
values (108, 0.5, 30.02, 6.72, 3.4, 1.2);
insert into SCREENING (SCREENING_ID, FREQUENCY, CONCENTRATION, RESPONSE, PCT_CHANGE_MEAN, PCT_CHANGE_SEM)
values (109, 0.5, 0.13, 0.0053, 3.4, 1.2);
insert into SCREENING (SCREENING_ID, FREQUENCY, CONCENTRATION, RESPONSE, PCT_CHANGE_MEAN, PCT_CHANGE_SEM)
values (109, 0.5, 0.33, 0.053, 3.4, 1.2);
insert into SCREENING (SCREENING_ID, FREQUENCY, CONCENTRATION, RESPONSE, PCT_CHANGE_MEAN, PCT_CHANGE_SEM)
values (109, 0.5, 1.03, 0.53, 3.4, 1.2);
insert into SCREENING (SCREENING_ID, FREQUENCY, CONCENTRATION, RESPONSE, PCT_CHANGE_MEAN, PCT_CHANGE_SEM)
values (109, 0.5, 3.03, 1.53, 3.4, 1.2);
insert into SCREENING (SCREENING_ID, FREQUENCY, CONCENTRATION, RESPONSE, PCT_CHANGE_MEAN, PCT_CHANGE_SEM)
values (109, 0.5, 10.03, 4.53, 3.4, 1.2);
insert into SCREENING (SCREENING_ID, FREQUENCY, CONCENTRATION, RESPONSE, PCT_CHANGE_MEAN, PCT_CHANGE_SEM)
values (109, 0.5, 30.03, 6.73, 3.4, 1.2);
insert into SCREENING (SCREENING_ID, FREQUENCY, CONCENTRATION, RESPONSE, PCT_CHANGE_MEAN, PCT_CHANGE_SEM)
values (110, 0.5, 0.14, 0.0054, 3.4, 1.2);
insert into SCREENING (SCREENING_ID, FREQUENCY, CONCENTRATION, RESPONSE, PCT_CHANGE_MEAN, PCT_CHANGE_SEM)
values (110, 0.5, 0.34, 0.054, 3.4, 1.2);
insert into SCREENING (SCREENING_ID, FREQUENCY, CONCENTRATION, RESPONSE, PCT_CHANGE_MEAN, PCT_CHANGE_SEM)
values (110, 0.5, 1.04, 5.54, 3.4, 1.2);
insert into SCREENING (SCREENING_ID, FREQUENCY, CONCENTRATION, RESPONSE, PCT_CHANGE_MEAN, PCT_CHANGE_SEM)
values (110, 0.5, 3.04, 11.54, 3.4, 1.2);
insert into SCREENING (SCREENING_ID, FREQUENCY, CONCENTRATION, RESPONSE, PCT_CHANGE_MEAN, PCT_CHANGE_SEM)
values (110, 0.5, 10.04, 24.54, 3.4, 1.2);
insert into SCREENING (SCREENING_ID, FREQUENCY, CONCENTRATION, RESPONSE, PCT_CHANGE_MEAN, PCT_CHANGE_SEM)
values (110, 0.5, 30.04, 46.74, 3.4, 1.2);
insert into SCREENING (SCREENING_ID, FREQUENCY, CONCENTRATION, RESPONSE, PCT_CHANGE_MEAN, PCT_CHANGE_SEM)
values (111, 0.5, 0.15, 0.0055, 3.4, 1.2);
insert into SCREENING (SCREENING_ID, FREQUENCY, CONCENTRATION, RESPONSE, PCT_CHANGE_MEAN, PCT_CHANGE_SEM)
values (111, 0.5, 0.35, 0.055, 3.4, 1.2);
insert into SCREENING (SCREENING_ID, FREQUENCY, CONCENTRATION, RESPONSE, PCT_CHANGE_MEAN, PCT_CHANGE_SEM)
values (111, 0.5, 1.05, 0.55, 3.4, 1.2);
insert into SCREENING (SCREENING_ID, FREQUENCY, CONCENTRATION, RESPONSE, PCT_CHANGE_MEAN, PCT_CHANGE_SEM)
values (111, 0.5, 3.05, 1.55, 3.4, 1.2);
insert into SCREENING (SCREENING_ID, FREQUENCY, CONCENTRATION, RESPONSE, PCT_CHANGE_MEAN, PCT_CHANGE_SEM)
values (111, 0.5, 10.05, 4.55, 3.4, 1.2);
insert into SCREENING (SCREENING_ID, FREQUENCY, CONCENTRATION, RESPONSE, PCT_CHANGE_MEAN, PCT_CHANGE_SEM)
values (111, 0.5, 30.05, 46.75, 3.4, 1.2);

---
--- Experimental data
---

drop table EXPERIMENTAL if exists;
create table EXPERIMENTAL (
  COMPOUND_IDENTIFIER varchar(5) not null,
  EXPERIMENTAL_ID     integer not null,
  PACING_FREQUENCY    numeric(6,3)
);

insert into EXPERIMENTAL (COMPOUND_IDENTIFIER, EXPERIMENTAL_ID, PACING_FREQUENCY)
values ('cmpd1', 1, 0.5);
insert into EXPERIMENTAL (COMPOUND_IDENTIFIER, EXPERIMENTAL_ID, PACING_FREQUENCY)
values ('cmpd3', 2, 0.5);
insert into EXPERIMENTAL (COMPOUND_IDENTIFIER, EXPERIMENTAL_ID, PACING_FREQUENCY)
values ('cmpd3', 2, 1.0);

drop table EXPERIMENTAL_VALUES if exists;
create table EXPERIMENTAL_VALUES (
  EXPERIMENTAL_ID    integer not null,
  CONCENTRATION      numeric(6,3),
  QT_PCT_CHANGE_MEAN numeric(6,3),
  QT_PCT_CHANGE_SEM  numeric(6,3)
);

-- cmpd1
insert into EXPERIMENTAL_VALUES (EXPERIMENTAL_ID, CONCENTRATION, QT_PCT_CHANGE_MEAN, QT_PCT_CHANGE_SEM)
values (1, 0.0, null, null);
insert into EXPERIMENTAL_VALUES (EXPERIMENTAL_ID, CONCENTRATION, QT_PCT_CHANGE_MEAN, QT_PCT_CHANGE_SEM)
values (1, 0.3, 2.2, 1.4);
insert into EXPERIMENTAL_VALUES (EXPERIMENTAL_ID, CONCENTRATION, QT_PCT_CHANGE_MEAN, QT_PCT_CHANGE_SEM)
values (1, 1.0, 4.2, 1.2);
insert into EXPERIMENTAL_VALUES (EXPERIMENTAL_ID, CONCENTRATION, QT_PCT_CHANGE_MEAN, QT_PCT_CHANGE_SEM)
values (1, 3.0, 4.8, 1.6);
insert into EXPERIMENTAL_VALUES (EXPERIMENTAL_ID, CONCENTRATION, QT_PCT_CHANGE_MEAN, QT_PCT_CHANGE_SEM)
values (1, 10.0, 6.7, 0.9);
-- cmpd3
insert into EXPERIMENTAL_VALUES (EXPERIMENTAL_ID, CONCENTRATION, QT_PCT_CHANGE_MEAN, QT_PCT_CHANGE_SEM)
values (2, 0.0, null, null);
insert into EXPERIMENTAL_VALUES (EXPERIMENTAL_ID, CONCENTRATION, QT_PCT_CHANGE_MEAN, QT_PCT_CHANGE_SEM)
values (2, 0.3, 2.2, 1.4);
insert into EXPERIMENTAL_VALUES (EXPERIMENTAL_ID, CONCENTRATION, QT_PCT_CHANGE_MEAN, QT_PCT_CHANGE_SEM)
values (2, 1.0, 4.2, 1.2);
insert into EXPERIMENTAL_VALUES (EXPERIMENTAL_ID, CONCENTRATION, QT_PCT_CHANGE_MEAN, QT_PCT_CHANGE_SEM)
values (2, 3.0, 4.8, 1.6);
insert into EXPERIMENTAL_VALUES (EXPERIMENTAL_ID, CONCENTRATION, QT_PCT_CHANGE_MEAN, QT_PCT_CHANGE_SEM)
values (2, 10.0, 6.7, 0.9);
insert into EXPERIMENTAL_VALUES (EXPERIMENTAL_ID, CONCENTRATION, QT_PCT_CHANGE_MEAN, QT_PCT_CHANGE_SEM)
values (3, 0.0, null, null);
insert into EXPERIMENTAL_VALUES (EXPERIMENTAL_ID, CONCENTRATION, QT_PCT_CHANGE_MEAN, QT_PCT_CHANGE_SEM)
values (3, 0.3, 2.3, 1.5);
insert into EXPERIMENTAL_VALUES (EXPERIMENTAL_ID, CONCENTRATION, QT_PCT_CHANGE_MEAN, QT_PCT_CHANGE_SEM)
values (3, 1.0, 4.3, 1.3);
insert into EXPERIMENTAL_VALUES (EXPERIMENTAL_ID, CONCENTRATION, QT_PCT_CHANGE_MEAN, QT_PCT_CHANGE_SEM)
values (3, 3.0, 4.9, 1.7);
insert into EXPERIMENTAL_VALUES (EXPERIMENTAL_ID, CONCENTRATION, QT_PCT_CHANGE_MEAN, QT_PCT_CHANGE_SEM)
values (3, 10.0, 6.8, 1.0);

---
--- QSAR data
---

drop table QSAR if exists;
create table QSAR (
  COMPOUND_IDENTIFIER varchar(5) not null,
  CAV1_2              numeric(6,3),
  NAV1_5              numeric(6,3),
  HERG                numeric(6,3)
);

insert into QSAR (COMPOUND_IDENTIFIER, CAV1_2, NAV1_5, HERG)
values ('cmpd1', 4.1, 4.2, 4.6);
insert into QSAR (COMPOUND_IDENTIFIER, CAV1_2, NAV1_5, HERG)
values ('cmpd2', 3.0, 4.6, 5.2);
insert into QSAR (COMPOUND_IDENTIFIER, CAV1_2, NAV1_5, HERG)
values ('cmpd3', 4.1, 4.2, 4.6);

---
--- Manual Patch data
---

drop table MANUAL_PATCH if exists;
create table MANUAL_PATCH (
  COMPOUND_IDENTIFIER varchar(5) not null,
  CAV1_2              numeric(6,3),
  NAV1_5              numeric(6,3),
  HERG                numeric(6,3)
);

insert into MANUAL_PATCH (COMPOUND_IDENTIFIER, CAV1_2, NAV1_5, HERG)
values ('cmpd1', 4.3, 4.4, 4.65);
insert into MANUAL_PATCH (COMPOUND_IDENTIFIER, CAV1_2, NAV1_5, HERG)
values ('cmpd3', 4.0, 3.8, 4.2);